address_by_row	address_by_column	index_in_sequence(hiseq/miseq)	index_in_oligo	Name	CyclesRequired	Reverse_primer
MIP_REV_BC_19_H02	MIP_REV_BC_19_02H	AGACGTTAGA	tctaacgtct	index_10nt_200	10	CAAGCAGAAGACGGCATACGAGATtctaacgtctACACGCACGATCCGACGGTAGTGT
MIP_REV_BC_19_A03	MIP_REV_BC_19_03A	CTCTTCTGCT	agcagaagag	index_10nt_731	10	CAAGCAGAAGACGGCATACGAGATagcagaagagACACGCACGATCCGACGGTAGTGT
MIP_REV_BC_19_B03	MIP_REV_BC_19_03B	GCTGCTGGTA	taccagcagc	index_10nt_995	10	CAAGCAGAAGACGGCATACGAGATtaccagcagcACACGCACGATCCGACGGTAGTGT
MIP_REV_BC_19_C03	MIP_REV_BC_19_03C	CGAGGTATAA	ttatacctcg	index_10nt_595	10	CAAGCAGAAGACGGCATACGAGATttatacctcgACACGCACGATCCGACGGTAGTGT
MIP_REV_BC_19_D03	MIP_REV_BC_19_03D	GGCGCCTTAA	ttaaggcgcc	index_10nt_1081	10	CAAGCAGAAGACGGCATACGAGATttaaggcgccACACGCACGATCCGACGGTAGTGT
MIP_REV_BC_19_E03	MIP_REV_BC_19_03E	TAATCTATAC	gtatagatta	index_10nt_1297	10	CAAGCAGAAGACGGCATACGAGATgtatagattaACACGCACGATCCGACGGTAGTGT
MIP_REV_BC_19_F03	MIP_REV_BC_19_03F	GAGTAGCTGG	ccagctactc	index_10nt_861	10	CAAGCAGAAGACGGCATACGAGATccagctactcACACGCACGATCCGACGGTAGTGT
MIP_REV_BC_19_G03	MIP_REV_BC_19_03G	GATCGTCCTC	gaggacgatc	index_10nt_879	10	CAAGCAGAAGACGGCATACGAGATgaggacgatcACACGCACGATCCGACGGTAGTGT
MIP_REV_BC_19_H03	MIP_REV_BC_19_03H	CAGATGACTA	tagtcatctg	index_10nt_454	10	CAAGCAGAAGACGGCATACGAGATtagtcatctgACACGCACGATCCGACGGTAGTGT
MIP_REV_BC_19_A04	MIP_REV_BC_19_04A	ACGGCTCATG	catgagccgt	index_10nt_145	10	CAAGCAGAAGACGGCATACGAGATcatgagccgtACACGCACGATCCGACGGTAGTGT
MIP_REV_BC_19_B04	MIP_REV_BC_19_04B	ATCGCTACTG	cagtagcgat	index_10nt_350	10	CAAGCAGAAGACGGCATACGAGATcagtagcgatACACGCACGATCCGACGGTAGTGT
MIP_REV_BC_19_C04	MIP_REV_BC_19_04C	TCTTAGTAAT	attactaaga	index_10nt_1522	10	CAAGCAGAAGACGGCATACGAGATattactaagaACACGCACGATCCGACGGTAGTGT
MIP_REV_BC_19_D04	MIP_REV_BC_19_04D	TTCTGCTGAG	ctcagcagaa	index_10nt_1771	10	CAAGCAGAAGACGGCATACGAGATctcagcagaaACACGCACGATCCGACGGTAGTGT
MIP_REV_BC_19_E04	MIP_REV_BC_19_04E	AGATTATATA	tatataatct	index_10nt_219	10	CAAGCAGAAGACGGCATACGAGATtatataatctACACGCACGATCCGACGGTAGTGT
MIP_REV_BC_19_F04	MIP_REV_BC_19_04F	GGTTAAGACC	ggtcttaacc	index_10nt_1131	10	CAAGCAGAAGACGGCATACGAGATggtcttaaccACACGCACGATCCGACGGTAGTGT
MIP_REV_BC_19_G04	MIP_REV_BC_19_04G	GAATATCATA	tatgatattc	index_10nt_801	10	CAAGCAGAAGACGGCATACGAGATtatgatattcACACGCACGATCCGACGGTAGTGT
MIP_REV_BC_19_H04	MIP_REV_BC_19_04H	AACGCTGCTT	aagcagcgtt	index_10nt_15	10	CAAGCAGAAGACGGCATACGAGATaagcagcgttACACGCACGATCCGACGGTAGTGT
MIP_REV_BC_19_A05	MIP_REV_BC_19_05A	GTACTAGAGC	gctctagtac	index_10nt_1160	10	CAAGCAGAAGACGGCATACGAGATgctctagtacACACGCACGATCCGACGGTAGTGT
MIP_REV_BC_19_B05	MIP_REV_BC_19_05B	TCGAGCGAGA	tctcgctcga	index_10nt_1465	10	CAAGCAGAAGACGGCATACGAGATtctcgctcgaACACGCACGATCCGACGGTAGTGT
MIP_REV_BC_19_C05	MIP_REV_BC_19_05C	GCCGCTGGCC	ggccagcggc	index_10nt_931	10	CAAGCAGAAGACGGCATACGAGATggccagcggcACACGCACGATCCGACGGTAGTGT
MIP_REV_BC_19_D05	MIP_REV_BC_19_05D	CGGAGATAGG	cctatctccg	index_10nt_634	10	CAAGCAGAAGACGGCATACGAGATcctatctccgACACGCACGATCCGACGGTAGTGT
MIP_REV_BC_19_E05	MIP_REV_BC_19_05E	ACTGATCTGG	ccagatcagt	index_10nt_178	10	CAAGCAGAAGACGGCATACGAGATccagatcagtACACGCACGATCCGACGGTAGTGT
MIP_REV_BC_19_F05	MIP_REV_BC_19_05F	ACTTGCAACG	cgttgcaagt	index_10nt_186	10	CAAGCAGAAGACGGCATACGAGATcgttgcaagtACACGCACGATCCGACGGTAGTGT
MIP_REV_BC_19_G05	MIP_REV_BC_19_05G	TCCTACTATC	gatagtagga	index_10nt_1451	10	CAAGCAGAAGACGGCATACGAGATgatagtaggaACACGCACGATCCGACGGTAGTGT
MIP_REV_BC_19_H05	MIP_REV_BC_19_05H	GCTAACTTCA	tgaagttagc	index_10nt_976	10	CAAGCAGAAGACGGCATACGAGATtgaagttagcACACGCACGATCCGACGGTAGTGT
MIP_REV_BC_19_A06	MIP_REV_BC_19_06A	AATTCTGGCT	agccagaatt	index_10nt_96	10	CAAGCAGAAGACGGCATACGAGATagccagaattACACGCACGATCCGACGGTAGTGT
MIP_REV_BC_19_B06	MIP_REV_BC_19_06B	GACCGAGCTA	tagctcggtc	index_10nt_813	10	CAAGCAGAAGACGGCATACGAGATtagctcggtcACACGCACGATCCGACGGTAGTGT
MIP_REV_BC_19_C06	MIP_REV_BC_19_06C	GTAATATAAC	gttatattac	index_10nt_1149	10	CAAGCAGAAGACGGCATACGAGATgttatattacACACGCACGATCCGACGGTAGTGT
MIP_REV_BC_19_D06	MIP_REV_BC_19_06D	CCAATACTAC	gtagtattgg	index_10nt_502	10	CAAGCAGAAGACGGCATACGAGATgtagtattggACACGCACGATCCGACGGTAGTGT
MIP_REV_BC_19_E06	MIP_REV_BC_19_06E	TTATATTCCT	aggaatataa	index_10nt_1712	10	CAAGCAGAAGACGGCATACGAGATaggaatataaACACGCACGATCCGACGGTAGTGT
MIP_REV_BC_19_F06	MIP_REV_BC_19_06F	GATGATAGTC	gactatcatc	index_10nt_886	10	CAAGCAGAAGACGGCATACGAGATgactatcatcACACGCACGATCCGACGGTAGTGT
MIP_REV_BC_19_G06	MIP_REV_BC_19_06G	CGCTAGGCCT	aggcctagcg	index_10nt_623	10	CAAGCAGAAGACGGCATACGAGATaggcctagcgACACGCACGATCCGACGGTAGTGT
MIP_REV_BC_19_H06	MIP_REV_BC_19_06H	GTAGTCAGAA	ttctgactac	index_10nt_1176	10	CAAGCAGAAGACGGCATACGAGATttctgactacACACGCACGATCCGACGGTAGTGT
MIP_REV_BC_19_A07	MIP_REV_BC_19_07A	GAGAAGGACC	ggtccttctc	index_10nt_832	10	CAAGCAGAAGACGGCATACGAGATggtccttctcACACGCACGATCCGACGGTAGTGT
MIP_REV_BC_19_B07	MIP_REV_BC_19_07B	CTGCTTGAAC	gttcaagcag	index_10nt_747	10	CAAGCAGAAGACGGCATACGAGATgttcaagcagACACGCACGATCCGACGGTAGTGT
MIP_REV_BC_19_C07	MIP_REV_BC_19_07C	GATGATCTAT	atagatcatc	index_10nt_887	10	CAAGCAGAAGACGGCATACGAGATatagatcatcACACGCACGATCCGACGGTAGTGT
MIP_REV_BC_19_D07	MIP_REV_BC_19_07D	TCTTGATATG	catatcaaga	index_10nt_1529	10	CAAGCAGAAGACGGCATACGAGATcatatcaagaACACGCACGATCCGACGGTAGTGT
MIP_REV_BC_19_E07	MIP_REV_BC_19_07E	ACTCCGTCTT	aagacggagt	index_10nt_169	10	CAAGCAGAAGACGGCATACGAGATaagacggagtACACGCACGATCCGACGGTAGTGT
MIP_REV_BC_19_F07	MIP_REV_BC_19_07F	CTCGATGACG	cgtcatcgag	index_10nt_722	10	CAAGCAGAAGACGGCATACGAGATcgtcatcgagACACGCACGATCCGACGGTAGTGT
MIP_REV_BC_19_G07	MIP_REV_BC_19_07G	CTACCAGAAC	gttctggtag	index_10nt_691	10	CAAGCAGAAGACGGCATACGAGATgttctggtagACACGCACGATCCGACGGTAGTGT
MIP_REV_BC_19_H07	MIP_REV_BC_19_07H	CTACCGGTTA	taaccggtag	index_10nt_693	10	CAAGCAGAAGACGGCATACGAGATtaaccggtagACACGCACGATCCGACGGTAGTGT
MIP_REV_BC_19_A08	MIP_REV_BC_19_08A	TCTCGCCTTC	gaaggcgaga	index_10nt_1507	10	CAAGCAGAAGACGGCATACGAGATgaaggcgagaACACGCACGATCCGACGGTAGTGT
MIP_REV_BC_19_B08	MIP_REV_BC_19_08B	GTCAATGCTG	cagcattgac	index_10nt_1195	10	CAAGCAGAAGACGGCATACGAGATcagcattgacACACGCACGATCCGACGGTAGTGT
MIP_REV_BC_19_C08	MIP_REV_BC_19_08C	TTAGTAGCAA	ttgctactaa	index_10nt_1704	10	CAAGCAGAAGACGGCATACGAGATttgctactaaACACGCACGATCCGACGGTAGTGT
MIP_REV_BC_19_D08	MIP_REV_BC_19_08D	GTTGATAACC	ggttatcaac	index_10nt_1263	10	CAAGCAGAAGACGGCATACGAGATggttatcaacACACGCACGATCCGACGGTAGTGT
MIP_REV_BC_19_E08	MIP_REV_BC_19_08E	GGCCGGTCGC	gcgaccggcc	index_10nt_1070	10	CAAGCAGAAGACGGCATACGAGATgcgaccggccACACGCACGATCCGACGGTAGTGT
MIP_REV_BC_19_F08	MIP_REV_BC_19_08F	TGAATGCAAG	cttgcattca	index_10nt_1540	10	CAAGCAGAAGACGGCATACGAGATcttgcattcaACACGCACGATCCGACGGTAGTGT
MIP_REV_BC_19_G08	MIP_REV_BC_19_08G	ATATCAATGC	gcattgatat	index_10nt_327	10	CAAGCAGAAGACGGCATACGAGATgcattgatatACACGCACGATCCGACGGTAGTGT
MIP_REV_BC_19_H08	MIP_REV_BC_19_08H	GGACGTCGTT	aacgacgtcc	index_10nt_1021	10	CAAGCAGAAGACGGCATACGAGATaacgacgtccACACGCACGATCCGACGGTAGTGT
MIP_REV_BC_19_A09	MIP_REV_BC_19_09A	CTGCGCCTAC	gtaggcgcag	index_10nt_742	10	CAAGCAGAAGACGGCATACGAGATgtaggcgcagACACGCACGATCCGACGGTAGTGT
MIP_REV_BC_19_B09	MIP_REV_BC_19_09B	TGGTTGATCT	agatcaacca	index_10nt_1674	10	CAAGCAGAAGACGGCATACGAGATagatcaaccaACACGCACGATCCGACGGTAGTGT
MIP_REV_BC_19_C09	MIP_REV_BC_19_09C	TTGGATGATG	catcatccaa	index_10nt_1824	10	CAAGCAGAAGACGGCATACGAGATcatcatccaaACACGCACGATCCGACGGTAGTGT
MIP_REV_BC_19_D09	MIP_REV_BC_19_09D	TTCCAACCAT	atggttggaa	index_10nt_1739	10	CAAGCAGAAGACGGCATACGAGATatggttggaaACACGCACGATCCGACGGTAGTGT
MIP_REV_BC_19_E09	MIP_REV_BC_19_09E	ACTAAGCAAT	attgcttagt	index_10nt_157	10	CAAGCAGAAGACGGCATACGAGATattgcttagtACACGCACGATCCGACGGTAGTGT
MIP_REV_BC_19_F09	MIP_REV_BC_19_09F	TTAGCCGCAT	atgcggctaa	index_10nt_1698	10	CAAGCAGAAGACGGCATACGAGATatgcggctaaACACGCACGATCCGACGGTAGTGT
MIP_REV_BC_19_G09	MIP_REV_BC_19_09G	TACCGAGGCA	tgcctcggta	index_10nt_1302	10	CAAGCAGAAGACGGCATACGAGATtgcctcggtaACACGCACGATCCGACGGTAGTGT
MIP_REV_BC_19_H09	MIP_REV_BC_19_09H	ATTAAGATCA	tgatcttaat	index_10nt_392	10	CAAGCAGAAGACGGCATACGAGATtgatcttaatACACGCACGATCCGACGGTAGTGT
MIP_REV_BC_19_A10	MIP_REV_BC_19_10A	GGATTAATCA	tgattaatcc	index_10nt_1053	10	CAAGCAGAAGACGGCATACGAGATtgattaatccACACGCACGATCCGACGGTAGTGT
MIP_REV_BC_19_B10	MIP_REV_BC_19_10B	TTCAACGGAT	atccgttgaa	index_10nt_1731	10	CAAGCAGAAGACGGCATACGAGATatccgttgaaACACGCACGATCCGACGGTAGTGT
MIP_REV_BC_19_C10	MIP_REV_BC_19_10C	TCTGAACCTT	aaggttcaga	index_10nt_1511	10	CAAGCAGAAGACGGCATACGAGATaaggttcagaACACGCACGATCCGACGGTAGTGT
MIP_REV_BC_19_D10	MIP_REV_BC_19_10D	CGTCGCTATT	aatagcgacg	index_10nt_671	10	CAAGCAGAAGACGGCATACGAGATaatagcgacgACACGCACGATCCGACGGTAGTGT
MIP_REV_BC_19_E10	MIP_REV_BC_19_10E	GCATGCTCTC	gagagcatgc	index_10nt_920	10	CAAGCAGAAGACGGCATACGAGATgagagcatgcACACGCACGATCCGACGGTAGTGT
MIP_REV_BC_19_F10	MIP_REV_BC_19_10F	TAGTTACCAT	atggtaacta	index_10nt_1363	10	CAAGCAGAAGACGGCATACGAGATatggtaactaACACGCACGATCCGACGGTAGTGT
MIP_REV_BC_19_G10	MIP_REV_BC_19_10G	TCTTCTTGGC	gccaagaaga	index_10nt_1527	10	CAAGCAGAAGACGGCATACGAGATgccaagaagaACACGCACGATCCGACGGTAGTGT
MIP_REV_BC_19_H10	MIP_REV_BC_19_10H	TGAGTAGTTC	gaactactca	index_10nt_1564	10	CAAGCAGAAGACGGCATACGAGATgaactactcaACACGCACGATCCGACGGTAGTGT
MIP_REV_BC_19_A11	MIP_REV_BC_19_11A	GACGGAAGTA	tacttccgtc	index_10nt_818	10	CAAGCAGAAGACGGCATACGAGATtacttccgtcACACGCACGATCCGACGGTAGTGT
MIP_REV_BC_19_B11	MIP_REV_BC_19_11B	CATCAGCTTA	taagctgatg	index_10nt_480	10	CAAGCAGAAGACGGCATACGAGATtaagctgatgACACGCACGATCCGACGGTAGTGT
MIP_REV_BC_19_C11	MIP_REV_BC_19_11C	CTGGTAGCTT	aagctaccag	index_10nt_755	10	CAAGCAGAAGACGGCATACGAGATaagctaccagACACGCACGATCCGACGGTAGTGT
MIP_REV_BC_19_D11	MIP_REV_BC_19_11D	GGCTTCAATT	aattgaagcc	index_10nt_1100	10	CAAGCAGAAGACGGCATACGAGATaattgaagccACACGCACGATCCGACGGTAGTGT
MIP_REV_BC_19_E11	MIP_REV_BC_19_11E	ATAGGTCAGG	cctgacctat	index_10nt_322	10	CAAGCAGAAGACGGCATACGAGATcctgacctatACACGCACGATCCGACGGTAGTGT
MIP_REV_BC_19_F11	MIP_REV_BC_19_11F	TATTAACGGC	gccgttaata	index_10nt_1396	10	CAAGCAGAAGACGGCATACGAGATgccgttaataACACGCACGATCCGACGGTAGTGT
MIP_REV_BC_19_G11	MIP_REV_BC_19_11G	GTAATTAGGA	tcctaattac	index_10nt_1153	10	CAAGCAGAAGACGGCATACGAGATtcctaattacACACGCACGATCCGACGGTAGTGT
MIP_REV_BC_19_H11	MIP_REV_BC_19_11H	CTATGGAATG	cattccatag	index_10nt_704	10	CAAGCAGAAGACGGCATACGAGATcattccatagACACGCACGATCCGACGGTAGTGT
MIP_REV_BC_19_A12	MIP_REV_BC_19_12A	GCTGGAACTA	tagttccagc	index_10nt_996	10	CAAGCAGAAGACGGCATACGAGATtagttccagcACACGCACGATCCGACGGTAGTGT
MIP_REV_BC_19_B12	MIP_REV_BC_19_12B	GGAGCGAGGA	tcctcgctcc	index_10nt_1032	10	CAAGCAGAAGACGGCATACGAGATtcctcgctccACACGCACGATCCGACGGTAGTGT
MIP_REV_BC_19_C12	MIP_REV_BC_19_12C	ACTGCAGGCT	agcctgcagt	index_10nt_180	10	CAAGCAGAAGACGGCATACGAGATagcctgcagtACACGCACGATCCGACGGTAGTGT
MIP_REV_BC_19_D12	MIP_REV_BC_19_12D	ATCGTCTAAG	cttagacgat	index_10nt_354	10	CAAGCAGAAGACGGCATACGAGATcttagacgatACACGCACGATCCGACGGTAGTGT
MIP_REV_BC_19_E12	MIP_REV_BC_19_12E	ACGCAACTCA	tgagttgcgt	index_10nt_134	10	CAAGCAGAAGACGGCATACGAGATtgagttgcgtACACGCACGATCCGACGGTAGTGT
MIP_REV_BC_19_F12	MIP_REV_BC_19_12F	ACCTTGAATG	cattcaaggt	index_10nt_126	10	CAAGCAGAAGACGGCATACGAGATcattcaaggtACACGCACGATCCGACGGTAGTGT
MIP_REV_BC_19_G12	MIP_REV_BC_19_12G	GCAGAATACT	agtattctgc	index_10nt_909	10	CAAGCAGAAGACGGCATACGAGATagtattctgcACACGCACGATCCGACGGTAGTGT
MIP_REV_BC_19_H12	MIP_REV_BC_19_12H	TCTGGCCGAT	atcggccaga	index_10nt_1518	10	CAAGCAGAAGACGGCATACGAGATatcggccagaACACGCACGATCCGACGGTAGTGT
MIP_REV_BC_19_A01	MIP_REV_BC_19_01A	TTGAGCGTAT	atacgctcaa	index_10nt_1790	10	CAAGCAGAAGACGGCATACGAGATatacgctcaaACACGCACGATCCGACGGTAGTGT
MIP_REV_BC_19_B01	MIP_REV_BC_19_01B	TGGCCTGAGT	actcaggcca	index_10nt_1648	10	CAAGCAGAAGACGGCATACGAGATactcaggccaACACGCACGATCCGACGGTAGTGT
MIP_REV_BC_19_C01	MIP_REV_BC_19_01C	GAATGGCGAG	ctcgccattc	index_10nt_806	10	CAAGCAGAAGACGGCATACGAGATctcgccattcACACGCACGATCCGACGGTAGTGT
MIP_REV_BC_19_D01	MIP_REV_BC_19_01D	AATGGTTCTA	tagaaccatt	index_10nt_90	10	CAAGCAGAAGACGGCATACGAGATtagaaccattACACGCACGATCCGACGGTAGTGT
MIP_REV_BC_19_E01	MIP_REV_BC_19_01E	TGGTCCTACC	ggtaggacca	index_10nt_1666	10	CAAGCAGAAGACGGCATACGAGATggtaggaccaACACGCACGATCCGACGGTAGTGT
MIP_REV_BC_19_F01	MIP_REV_BC_19_01F	CGAAGAGACC	ggtctcttcg	index_10nt_581	10	CAAGCAGAAGACGGCATACGAGATggtctcttcgACACGCACGATCCGACGGTAGTGT
MIP_REV_BC_19_G01	MIP_REV_BC_19_01G	TTATTCTGCA	tgcagaataa	index_10nt_1727	10	CAAGCAGAAGACGGCATACGAGATtgcagaataaACACGCACGATCCGACGGTAGTGT
MIP_REV_BC_19_H01	MIP_REV_BC_19_01H	TCCTGAGAGG	cctctcagga	index_10nt_1455	10	CAAGCAGAAGACGGCATACGAGATcctctcaggaACACGCACGATCCGACGGTAGTGT
MIP_REV_BC_19_A02	MIP_REV_BC_19_02A	TCTAGGTACG	cgtacctaga	index_10nt_1495	10	CAAGCAGAAGACGGCATACGAGATcgtacctagaACACGCACGATCCGACGGTAGTGT
MIP_REV_BC_19_B02	MIP_REV_BC_19_02B	GTAGAAGGTT	aaccttctac	index_10nt_1163	10	CAAGCAGAAGACGGCATACGAGATaaccttctacACACGCACGATCCGACGGTAGTGT
MIP_REV_BC_19_C02	MIP_REV_BC_19_02C	CGGCTAATAC	gtattagccg	index_10nt_648	10	CAAGCAGAAGACGGCATACGAGATgtattagccgACACGCACGATCCGACGGTAGTGT
MIP_REV_BC_19_D02	MIP_REV_BC_19_02D	TCAGTTGAAG	cttcaactga	index_10nt_1426	10	CAAGCAGAAGACGGCATACGAGATcttcaactgaACACGCACGATCCGACGGTAGTGT
MIP_REV_BC_19_E02	MIP_REV_BC_19_02E	AGCTTGGCTA	tagccaagct	index_10nt_247	10	CAAGCAGAAGACGGCATACGAGATtagccaagctACACGCACGATCCGACGGTAGTGT
MIP_REV_BC_19_F02	MIP_REV_BC_19_02F	GGTCCTTAGT	actaaggacc	index_10nt_1123	10	CAAGCAGAAGACGGCATACGAGATactaaggaccACACGCACGATCCGACGGTAGTGT
MIP_REV_BC_19_G02	MIP_REV_BC_19_02G	ATTAGTTCTT	aagaactaat	index_10nt_398	10	CAAGCAGAAGACGGCATACGAGATaagaactaatACACGCACGATCCGACGGTAGTGT